"","id","title","complain","resp","status","dateCom","dateConc","typeOfDisp","procRules","subj","invInstrument","dateOfAccess","yearCom","yearConc","typeOfComplain","typeOfResp","complain_cowc","resp_cowc"
"1","149","Dispute Concerning Coastal State Rights in the Black Sea, Sea of Azov, and Kerch Strait (Ukraine v. the Russian Federation)","Ukraine ","The Russian Federation ","Pending",NA,NA,"Inter-state arbitration","- Other -",NA,"Multilateral treaty Treaty: UNCLOS",2017-10-14,NA,NA,NA,NA,"UKR","RUS"
"2","117","The ""Enrica Lexie"" Incident (Italy v. India)","Italy","India","Pending",NA,NA,"Inter-state arbitration","Ad Hoc Rules of Procedure","Law of the sea","Multilateral treaty Treaty: UNCLOS",2017-10-14,NA,NA,"State","State","ITA","IND"
"3","53","The Duzgit Integrity Arbitration (Malta v. São Tomé and Príncipe)","Malta ","São Tomé and Príncipe ","Pending",NA,NA,"Inter-state arbitration","Ad Hoc Rules of Procedure","Transportation and storage","Multilateral treaty Treaty: UNCLOS",2017-10-14,NA,NA,NA,NA,"MLT","STP"
"4","21","The Arctic Sunrise Arbitration (Netherlands v. Russia)","The Netherlands ","The Russian Federation ","Pending",NA,NA,"Inter-state arbitration","- Other -","- Other -","Multilateral treaty Treaty: UNCLOS",2017-10-14,NA,NA,NA,NA,"NTH","RUS"
"5","132","Conciliation between  The Democratic Republic of Timor-Leste and The Commonwealth of Australia","The Democratic Republic of Timor-Leste","The Commonwealth of Australia","Pending",NA,NA,"Inter-state conciliation","- Other -","Law of the sea","Other United Nations Convention on the Law of the Sea",2017-10-14,NA,NA,"State","State","ETM","AUL"
"6","151","(i) NJSC Naftogaz of Ukraine (Ukraine) et al. v. The Russian Federation"," NJSC Naftogaz of Ukraine  	                    	                         PJSC State Joint Stock Company Chornomornaftogaz  	                    	                         PJSC Ukrtransgaz   	                    	                         Subsidiary Company Likvo  	                    	                         PJSC Ukrgasvydobuvannya  	                    	                         PJSC Ukrtransnafta  	                    	                         Subsidiary Company Gaz Ukraiiny  ","The Russian Federation ","Pending",NA,NA,"Investment arbitration","UNCITRAL Arbitration Rules 1976","Electricity/Power","Bilateral treaty Agreement between the Government of the Russian Federation and the Cabinet of Ministers of Ukraine on the Encouragement and Mutual Protection of Investments dated 27 November 1998 Country A: Russian Federation Country B: Ukraine",2017-10-14,NA,NA,"State",NA,"UKR","RUS"
"7","147","Mr. Oleg Vladimirovich Deripaska (Russian Federation) v. the State of Montenegro","Mr. Oleg Vladimirovich Deripaska ","The State of Montenegro ","Pending",NA,NA,"Investment arbitration","UNCITRAL Arbitration Rules 1976","Manufacturing","Bilateral treaty Agreement between the Government of the Russian Federation and the Federal Government of the Republic of Yugoslavia for the Promotion and Reciprocal Protection of Investments of 11 October 1995 Country A: Russian Federation Country B: - N/A -",2017-10-14,NA,NA,NA,"State",NA,"MNG"
"8","150","Glencore Finance (Bermuda) Limited v. Plurinational State of Bolivia","Glencore Finance  Limited ","Plurinational State of Bolivia ","Pending",NA,NA,"Investment arbitration","UNCITRAL Arbitration Rules 2010","Mining and quarrying","Bilateral treaty Agreement between the Government of the United Kingdom of Great Britain and Northern Ireland and the Government of the Republic of Bolivia for the Promotion and Protection of Investments, signed on 24 May 1988 and entered into force on 16 February 1990 Country A: United Kingdom Country B: Bolivia",2017-10-14,NA,NA,NA,"State",NA,"BOL"
"9","148","Gold Pool JV Limited v. The Republic of Kazakhstan","Not Available","Not Available",NA,NA,NA,NA,NA,NA,NA,2017-10-14,NA,NA,NA,NA,NA,NA
"10","146","(1) Mr. Josias Van Zyl (South Africa), (2) The Josias Van Zyl Family Trust (South Africa), (3) The Burmilla Trust (South Africa) v. The Kingdom of Lesotho"," Mr. Josias Van Zyl 	                    	                         The Josias Van Zyl Family Trust  	                    	                         The Burmilla Trust  ","The Kingdom of Lesotho ","Pending",NA,NA,"Investment arbitration","UNCITRAL Arbitration Rules 2010","Mining and quarrying","Other This arbitration was commenced in accordance with an award in another investment arbitration.",2017-10-14,NA,NA,NA,NA,NA,"LES"
"11","143","Michael Ballantine and Lisa Ballantine v. Dominican Republic","Michael Ballantine and Lisa Ballantine  ","Dominican Republic ","Pending",NA,NA,"Investment arbitration","UNCITRAL Arbitration Rules 2013","Real estate","Multilateral treaty Treaty: CAFTA-DR",2017-10-14,NA,NA,NA,NA,NA,"DOM"
"12","142","Resolute Forest Products Inc. v. The Government of Canada","Resolute Forest Products Inc.  ","The Government of Canada ","Pending",NA,NA,"Investment arbitration","UNCITRAL Arbitration Rules 1976","Manufacturing","Multilateral treaty Treaty: NAFTA",2017-10-14,NA,NA,NA,NA,NA,"CAN"
"13","135","1.Manuel García Armas 2.Pedro García Armas 3.Sebastián García Armas 4.Domingo García Armas 5.Manuel García Piñero 6.Margaret García Piñero 7.Alicia García González 8.Domingo García Cámara 9.Carmen García Cámara c. República Bolivariana de Venezuela","Manuel García Armas 	                    	                        Pedro García Armas 	                    	                        Sebastián García Armas 	                    	                        Domingo García Armas 	                    	                        Manuel García Piñero 	                    	                        Margaret García Piñero 	                    	                        Alicia García González 	                    	                        Domingo García Cámara 	                    	                        Carmen García Cámara ","República Bolivariana de Venezuela ","Pending",NA,NA,"Investment arbitration","UNCITRAL Arbitration Rules 1976",NA,"Bilateral treaty Acuerdo entre la República Bolivariana de Venezuela y el Reino de España para la Promoción y Protección Recíproca de Inversiones, firmado el 2 de noviembre de 1995 y en vigor desde el 10 de septiembre de 1997 Country A: Venezuela Country B: Spain",2017-10-14,NA,NA,NA,NA,NA,"VEN"
"14","144","Indian Metals & Ferro Alloys Limited (India) v. The Government of the Republic of Indonesia","Indian Metals & Ferro Alloys Limited  ","The Government of the Republic of Indonesia ","Pending",NA,NA,"Investment arbitration","UNCITRAL Arbitration Rules 1976","Mining and quarrying","Bilateral treaty Agreement between the Government of the Republic of Indonesia and the Government of the Republic of India for the Promotion and Protection of Investments dated February 8, 1999 Country A: Indonesia Country B: India",2017-10-14,NA,NA,NA,NA,NA,"INS"
"15","133","Everest Estate LLC et al. v. The Russian Federation","Everest Estate LLC 	                    	                        Edelveis-2000 PE 	                    	                        Fortuna CJSC 	                    	                        Ubk-Invest CJSC 	                    	                        Niva-Tour LLC 	                    	                        IMME LLC 	                    	                        Planeta PE 	                    	                        Krim Development LLC 	                    	                        Aerobud PJSC 	                    	                        Privatoffice  LLC 	                    	                        Dayris LLC 	                    	                        Diline Ltd LLC 	                    	                        Broadcasting Company Zhisa LLC 	                    	                        Privatland LLC 	                    	                        Dan-Panorama LLC 	                    	                        Sanatorium Energetic LLC 	                    	                        AMC Finansovyy Kapital LLC 	                    	                        AMC Financial Vector LLC 	                    	                        Mr. Alexander Valerievich Dubilet ","The Russian Federation  ","Pending",NA,NA,"Investment arbitration","UNCITRAL Arbitration Rules 1976","Real estate","Bilateral treaty Agreement between the Government of the Russian Federation and the Cabinet of Ministers of Ukraine on the Encouragement and Mutual Protection of Investments dated 27 November 1998 Country A: Russian Federation Country B: Ukraine",2017-10-14,NA,NA,NA,NA,NA,"RUS"
"16","122","(i) Stabil LLC, (ii) Rubenor LLC, (iii) Rustel LLC, (iv) Novel-Estate LLC, (v) PII Kirovograd-Nafta LLC, (vi) Crimea-Petrol LLC, (vii) Pirsan LLC, (viii) Trade-Trust LLC, (ix) Elefteria LLC, (x) VKF Satek LLC,(xi) Stemv Group LLC v. The Russian Federation","Stabil LLC 	                    	                        Rubenor LLC 	                    	                        Rustel LLC 	                    	                        Novel-Estate LLC 	                    	                        PII Kirovograd-Nafta LLC 	                    	                        Crimea-Petrol LLC 	                    	                        Pirsan LLC 	                    	                        Trade-Trust LLC 	                    	                        Elefteria LLC 	                    	                        VKF Satek LLC 	                    	                        Stemv Group LLC ","The Russian Federation ","Pending",NA,NA,"Investment arbitration","UNCITRAL Arbitration Rules 1976","Oil and gas","Bilateral treaty Agreement between the Government of the Russian Federation and the Cabinet of Ministers of Ukraine on the Encouragement and Mutual Protection of Investments dated 27 November 1998 Country A: Russian Federation Country B: Ukraine",2017-10-14,NA,NA,NA,NA,NA,"RUS"
"17","121","PJSC Ukrnafta v. The Russian Federation","PJSC Ukrnafta ","The Russian Federation ","Pending",NA,NA,"Investment arbitration","UNCITRAL Arbitration Rules 1976","Oil and gas","Bilateral treaty Agreement between the Government of the Russian Federation and the Cabinet of Ministers of Ukraine on the Encouragement and Mutual Protection of Investments dated 27 November 1998 Country A: Russian Federation Country B: Ukraine",2017-10-14,NA,NA,NA,NA,NA,"RUS"
"18","126","Stans Energy Corp. and Kutisay Mining LLC v. ­The Kyrgyz Republic","Stans Energy Corp. and Kutisay Mining LLC ","The Kyrgyz Republic ","Pending",NA,NA,"Investment arbitration","UNCITRAL Arbitration Rules 1976","Mining and quarrying","Other Law of the Kyrgyz Republic on Investments in the Kyrgyz Republic, adopted on 27 March 2003",2017-10-14,NA,NA,NA,NA,NA,"KYR"
"19","124","(1) Limited Liability Company Lugzor, (2) Limited Liability Company Libset, (3) Limited Liability Company Ukrinterinvest, (4) Public Joint Stock Company DniproAzot, (5) Limited Liability Company Aberon Ltd v. The Russian Federation","Limited Liability Company Lugzor 	                    	                        Limited Liability Company Libset 	                    	                        Limited Liability Company Ukrinterinvest 	                    	                        Public Joint Stock Company DniproAzot 	                    	                        Limited Liability Company Aberon Ltd ","The Russian Federation ","Pending",NA,NA,"Investment arbitration","UNCITRAL Arbitration Rules 1976","Real estate","Bilateral treaty Agreement between the Government of the Russian Federation and the Cabinet of Ministers of Ukraine on the Encouragement and Mutual Protection of Investments, dated 27 November 1998 Country A: Russian Federation Country B: Ukraine",2017-10-14,NA,NA,NA,NA,NA,"RUS"
"20","130","PJSC CB PrivatBank and Finance Company Finilon LLC v. The Russian Federation","PJSC CB PrivatBank 	                    	                        Finance Company Finilon LLC ","The Russian Federation ","Pending",NA,NA,"Investment arbitration","UNCITRAL Arbitration Rules 1976","International investment law","Bilateral treaty Agreement between the Government of the Russian Federation and the Cabinet of Ministers of Ukraine on the Encouragement and Mutual Protection of Investments dated 27 November 1998 Country A: Russian Federation Country B: Ukraine",2017-10-14,NA,NA,NA,NA,NA,"RUS"
"21","123","Aeroport Belbek LLC and Mr. Igor Valerievich Kolomoisky v. The Russian Federation","Aeroport Belbek LLC 	                    	                        Mr. Igor Valerievich Kolomoisky ","The Russian Federation ","Pending",NA,NA,"Investment arbitration","UNCITRAL Arbitration Rules 1976","International investment law",NA,2017-10-14,NA,NA,NA,NA,NA,"RUS"
"22","119","WNC Factoring Limited (United Kingdom) v. The Czech Republic","WNC Factoring Limited ","The Czech Republic ","Pending",NA,NA,"Investment arbitration","UNCITRAL Arbitration Rules 1976",NA,NA,2017-10-14,NA,NA,NA,NA,NA,"CZR"
"23","114","Mytilineos Holdings S.A. (Greece) v. The Republic of Serbia","Mytilineos Holdings S.A.  ","The Republic of Serbia ","Pending",NA,NA,"Investment arbitration","UNCITRAL Arbitration Rules 2010",NA,"Bilateral treaty Agreement between the Government of the Hellenic Republic and the Government of the Federal Republic of Yugoslavia on the Reciprocal Promotion and Protection of Investments dated 25 June 1997 Country A: Greece Country B: Serbia",2017-10-14,NA,NA,NA,"State",NA,"SRB"
"24","113","Louis Dreyfus Armateurs SAS (France) v. The Republic of India","Louis Dreyfus Armateurs SAS ","The Republic of India  ","Pending",NA,NA,"Investment arbitration","UNCITRAL Arbitration Rules 1976",NA,"Bilateral treaty Agreement between the Government of the Republic of India and the Government of the Republic of France on the Reciprocal Promotion and Protection of Investments dated 2 September 1997 Country A: India Country B: France",2017-10-14,NA,NA,NA,NA,NA,"IND"
"25","24","Antaris Solar GmbH (Germany) and Dr. Michael Göde (Germany) v. The Czech Republic","Antaris Solar GmbH  	                    	                        Dr. Michael Göde ","The Czech Republic ","Pending",NA,NA,"Investment arbitration","UNCITRAL Arbitration Rules 1976","- Other -","Bilateral treaty Agreement between the Federal Republic of Germany and the Czech and Slovak Federal Republic on the Promotion and Reciprocal Protection of Investments Country A: Germany Country B: Czech Republic Multilateral treaty Treaty: Energy Charter Treaty (ECT)",2017-10-14,NA,NA,NA,NA,NA,"CZR"
"26","136","Venezuela US, S.R.L. (Barbados) v. The Bolivarian Republic of Venezuela","Venezuela US, S.R.L.  ","The Bolivarian Republic of Venezuela ","Pending",NA,NA,"Investment arbitration","UNCITRAL Arbitration Rules 1976","Oil and gas","Bilateral treaty Agreement between the Government of Barbados and the Republic of Venezuela for the Promotion and Protection of Investments Country A: Barbados Country B: Venezuela",2017-10-14,NA,NA,NA,NA,NA,"VEN"
"27","6","(1) Tenoch Holdings Limited (Cyprus) (2) Mr. Maxim Naumchenko (Russian Federation) (3) Mr. Andrey Poluektov (Russian Federation) v. The Republic of India","Mr. Maxim Naumchenko  	                    	                        Tenoch Holdings Limited  	                    	                        Mr. Andrey Poluektov  ","The Republic of India ","Pending",NA,NA,"Investment arbitration","UNCITRAL Arbitration Rules 1976",NA,"Bilateral treaty Agreement between the Government of the Republic of Cyprus and the Government of the Republic of India for the Mutual Promotion and Protection of Investments dated 9 April 2002 Country A: Cyprus Country B: India Bilateral treaty Agreement between the Government of the Russian Federation and the Government of the Republic of India for the Promotion and Mutual Protection of Investments dated 23 December 1994 Country A: Russian Federation Country B: India",2017-10-14,NA,NA,NA,NA,NA,"IND"
"28","54","South American Silver Limited (Bermuda) v. The Plurinational State of Bolivia","South American Silver Limited ","The Plurinational State of Bolivia","Pending",NA,NA,"Investment arbitration","UNCITRAL Arbitration Rules 2010","Mining and quarrying","Bilateral treaty Agreement between the Government of the United Kingdom of Great Britain and Northern Ireland and the Government of the Republic of Bolivia for the Promotion and Protection of Investments Country A: United Kingdom Country B: Bolivia",2017-10-14,NA,NA,NA,"State",NA,"BOL"
"29","46","CC/Devas (Mauritius) Ltd., Devas Employees Mauritius Private Limited, and Telcom Devas Mauritius Limited v. Republic of India","CC/Devas  Ltd. 	                    	                        Devas Employees Mauritius Private Limited 	                    	                        Telcom Devas Mauritius Limited ","Republic of India ","Pending",NA,NA,"Investment arbitration","- Other -","Telecommunications","Bilateral treaty Agreement between the Government of the Republic of Mauritius and the Government of the Republic of India for the Promotion and Protection of Investments Country A: Mauritius Country B: India",2017-10-14,NA,NA,NA,NA,NA,"IND"
"30","8","Merck Sharpe & Dohme (I.A.) LLC v. The Republic of Ecuador","Merck Sharpe & Dohme  LLC ","The Republic of Ecuador ","Pending",NA,NA,"Investment arbitration","UNCITRAL Arbitration Rules 1976","Pharmaceutical","Bilateral treaty Treaty between the United States of America and the Republic of Ecuador Concerning the Encouragement and Reciprocal Protection of Investment Country A: United States Country B: Ecuador",2017-10-14,NA,NA,NA,NA,NA,"ECU"
"31","49","1. Chevron Corporation and 2. Texaco Petroleum Company v. The Republic of Ecuador","Chevron Corporation 	                    	                        Texaco Petroleum Company ","The Republic of Ecuador ","Pending",NA,NA,"Investment arbitration","UNCITRAL Arbitration Rules 1976",NA,"Bilateral treaty Treaty between the United States of America and the Republic of Ecuador concerning the Encouragement and Reciprocal Protection of Investment Country A: United States Country B: Ecuador",2017-10-14,NA,NA,NA,NA,NA,"ECU"
"32","50","Bilcon of Delaware et al v. Government of Canada","William Ralph Clayton 	                    	                        William Richard Clayton 	                    	                        Douglas Clayton 	                    	                        Daniel Clayton 	                    	                        Bilcon of Delaware INC. ","Government of Canada ","Pending",NA,NA,"Investment arbitration","- Other -",NA,"Multilateral treaty Treaty: NAFTA",2017-10-14,NA,NA,NA,NA,NA,"CAN"
"33","137","D. v. Energy Community","D. ","Energy Community ","Pending",NA,NA,"Contract-based or other arbitration","Permanent Court of Arbitration Optional Rules for Arbitration between International Organizations and Private Parties","- Other -","Contract Employment Agreement between the Parties, dated July 18, 2007. Other Staff Regulations of the Energy Community, as amended, December 18, 2009. Other Agreement between the Republic of Austria and the Energy Community regarding the Seat of the Secretariat of the Energy Community, dated May 29, 2007.",2017-10-14,NA,NA,NA,NA,NA,NA
"34","128","Maynilad Water Services, Inc. (Philippines) v. Republic of the Philippines","Maynilad Water Services, Inc.  ","Republic of the Philippines ","Pending",NA,NA,"Contract-based or other arbitration","UNCITRAL Arbitration Rules 1976",NA,NA,2017-10-14,NA,NA,NA,NA,NA,"PHI"
"35","111","1. EcuadorTLC S.A. (Ecuador) 2. Cayman International Exploration Company S.A. (Panamá) 3. Teikoku Oil Ecuador (Islas Caimán) c. 1. República del Ecuador 2. Secretaría de Hidrocarburos del Ecuador 3. Empresa Pública de Hidrocarburos del Ecuador EP Petroecu","Ecuador TLC S.A.  	                    	                        Cayman International Exploration Company S.A.  	                    	                        Teikoku Oil Ecuador  ","República del Ecuador 	                    	                        Secretaría de Hidrocarburos del Ecuador 	                    	                        Empresa Pública de Hidrocarburos del Ecuador EP Petroecuador ","Pending",NA,NA,"Contract-based or other arbitration","UNCITRAL Arbitration Rules 1976",NA,"Contract Contrato de Participación para la Exploración de Hidrocarburos y Explotación de Petróleo Crudo en el Bloque Número 18 del Mapa Catastral Petrolero Ecuatoriano de 19 de diciembre de 1995, modificado por el Contrato Modificatorio de 31 de octubrede 2008, y el Convenio Operacional de Explotación Unificada del Yacimiento Común Hollín en elCampo Palo Azul de 7 de agosto de 2002, modificado por el Convenio Modificatorio de 31 de octubre de 2008.",2017-10-14,NA,NA,NA,NA,"ECU",NA
"36","138","Mr. Mohamed Ismail Reygal (Somalia) v. The United Nations High Commissioner for Refugees (UNHCR)","Mr. Mohamed Ismail Reygal  ","The United Nations High Commissioner for Refugees  ","Concluded",NA,NA,"Contract-based or other arbitration","UNCITRAL Arbitration Rules 2010","Administrative and support service","Contract Contract for Interpreters concluded between the Parties on April 7, 2015",2017-10-14,NA,NA,NA,NA,NA,NA
"37","134","Consorcio Sogeosa-Tilmon (Costa Rica) c. El Instituto Tecnológico de Costa Rica (Costa Rica)","Consorcio Sogeosa-Tilmon  ","El Instituto Tecnológico de Costa Rica  ","Concluded",NA,NA,"Other proceedings","- Other -",NA,"Contract Contrato No EDU-ITCR-210-LPI-O-2013LPI-0001-APITCRBM-001-CO-2014, adjudicado bajo la licitación pública No. 2013LPI-0001-APITCRBM",2017-10-14,NA,NA,NA,NA,NA,"COS"
"38","141","Arbitration under the Timor Sea Treaty (Timor-Leste v. Australia)","Timor-Leste ","Australia ","Concluded",NA,NA,"Inter-state arbitration","- Other -",NA,"Bilateral treaty Timor Sea Treaty Country A: Timor-Leste Country B: Australia",2017-10-14,NA,NA,NA,NA,"ETM","AUL"
"39","116","Indian Potash Limited (India) v. Agriculture Inputs Company Limited (Nepal)","Indian Potash Limited   ","Agriculture Inputs Company Limited  ","Concluded",NA,NA,"Contract-based or other arbitration","UNCITRAL Arbitration Rules 2010","Agriculture, forestry and fishing","Contract Contract for Supply and Delivery of 30,000MT Urea 46% N Chemical Fertilizers under Tender Notice No. KPM/29/067/68 Contract No. 13/068/69, entered into between the Parties on August 8, 2011",2017-10-14,NA,NA,NA,"Private Entity","IND",NA
"40","118","Mr. Kristian Almås and Mr. Geir Almås v. The Republic of Poland","Mr. Kristian Almås  	                    	                         Mr. Geir Almås  ","The Republic of Poland ","Concluded",NA,NA,"Investment arbitration","UNCITRAL Arbitration Rules 1976","Agriculture, forestry and fishing","Bilateral treaty Agreement between the Government of the Kingdom of Norway and the Government of the Republic of Poland on the Promotion and Reciprocal Protection of Investments dated 5 June 1990 Country A: Norway Country B: Poland",2017-10-14,NA,NA,NA,NA,NA,"POL"
"41","115","1. Iberdrola, S.A. (España) 2. Iberdrola Energía, S.A.U. (España) c. El Estado Plurinacional de Bolivia","Iberdrola, S.A.    	                    	                        Iberdrola Energía, S.A.U.   ","Estado Plurinacional de Bolivia  ","Concluded",NA,NA,"Investment arbitration","UNCITRAL Arbitration Rules 1976","Electricity/Power","Bilateral treaty Acuerdo para la Promoción y la Protección Recíproca de Inversiones entre el Reino de España y la República de Bolivia, hecho en Madrid el 29 de octubre de 2001 Country A: Spain Country B: Bolivia",2017-10-14,NA,NA,NA,NA,NA,"BOL"
"42","139","Financial Performance Holdings B.V. (the Netherlands)  v. The Russian Federation","Financial Performance Holdings B.V. ","The Russian Federation ","Concluded",NA,NA,"Investment arbitration","UNCITRAL Arbitration Rules 1976",NA,"Multilateral treaty Treaty: Energy Charter Treaty (ECT)",2017-10-14,NA,NA,NA,NA,NA,"RUS"
"43","109","District Municipality of La Punta (Peru) v. United Nations Office for Project Services (UNOPS)","District Municipality of La Punta  ","United Nations Office for Project Services  ","Concluded",NA,NA,"Contract-based or other arbitration","UNCITRAL Arbitration Rules 1976","- Other -",NA,2017-10-14,NA,NA,NA,NA,NA,NA
"44","110","Sterling Merchant Finance Ltd v. Government of the Republic of Cabo Verde","Sterling Merchant Finance Ltd ","Government of the Republic of Cabo Verde ","Concluded",NA,NA,"Contract-based or other arbitration","UNCITRAL Arbitration Rules 2010","Water supply; sewerage, waste management and remediation","Contract Contract between Sterling Merchant Finance Ltd and The Growth and Competitiveness Project of the Government of the Republic of Cabo Verde dated 30 October 2006",2017-10-14,NA,NA,NA,NA,NA,"CAP"
"45","82","Consorcio John W. Mcdougall Company Inc. y Dredge & Marine Corporation (U.S.A.) v. El Instituto Costarricense de Electricidad (Costa Rica)","Consorcio John W. Mcdougall Company Inc. y Dredge & Marine Corporation  ","El Instituto Costarricense de Electricidad  ","Concluded",NA,NA,"Contract-based or other arbitration","UNCITRAL Arbitration Rules 2010",NA,"Contract Contract No. 2010000029, entered between the Parties to the arbitration in 2010, awarded by Public Bidding Process No. 2009LI-000024-PROV",2017-10-14,NA,NA,NA,NA,NA,NA
"46","43","Mattioli Joint Venture v. The Ministry of Water and Energy representing the Federal Democratic Republic of Ethiopia","Mattioli Joint Venture ","The Ministry of Water and Energy representing the Federal Democratic Republic of Ethiopia ","Concluded",NA,NA,"Contract-based or other arbitration","- Other -",NA,NA,2017-10-14,NA,NA,NA,NA,NA,"ETH"
"47","40","Consta Joint Venture v. Chemin de Fer Djibouto-Ethiopien (the Ethiopian-Djibouti Railway), representing the Federal Democratic Republic of Ethiopia and the Republic of Djibouti","Consta Joint Venture ","Chemin de Fer Djibouto-Ethiopien , representing the Federal Democratic Republic of Ethiopia and the Republic of Djibouti ","Concluded",NA,NA,"Contract-based or other arbitration","- Other -",NA,NA,2017-10-14,NA,NA,NA,NA,NA,NA
"48","25","The Atlanto-Scandian Herring Arbitration (The Kingdom of Denmark in respect of the Faroe Islands v. The European Union)","The Kingdom of Denmark in respect of the Faroe Islands ","The European Union ","Concluded",NA,NA,"Inter-state arbitration","- Other -","Agriculture, forestry and fishing","Multilateral treaty Treaty: UNCLOS",2017-10-14,NA,NA,NA,NA,NA,NA
"49","36","Windstream Energy LLC (U.S.A.) v. The Government of Canada","Windstream Energy LLC ","The Government of Canada ","Concluded",NA,NA,"Investment arbitration","UNCITRAL Arbitration Rules 2010","Electricity/Power","Multilateral treaty Treaty: NAFTA",2017-10-14,NA,NA,NA,NA,NA,"CAN"
"50","7","The South China Sea Arbitration (The Republic of Philippines v. The People's Republic of China)","The Republic of Philippines ","The People’s Republic of China ","Concluded",NA,NA,"Inter-state arbitration","- Other -","Law of the sea","Multilateral treaty Treaty: UNCLOS",2017-10-14,NA,NA,NA,NA,"PHI","CHN"
"51","37","Arbitration under the Timor Sea Treaty (Timor-Leste v. Australia)","Timor-Leste ","Australia ","Concluded",NA,NA,"Inter-state arbitration","- Other -",NA,"Bilateral treaty Timor Sea Treaty Country A: Timor-Leste Country B: Australia",2017-10-14,NA,NA,NA,NA,"ETM","AUL"
"52","33","Review Panel established under the Convention on the Conservation and Management of High Seas Fishery Resources in the South Pacific Ocean","Not Available","Not Available","Concluded",NA,NA,"Other proceedings","Ad Hoc Rules of Procedure","Agriculture, forestry and fishing","Multilateral treaty Treaty: OTHER Article 17 and Annex II of the Convention on the Conservation and Management of High Seas Fishery Resources in the South Pacific Ocean",2017-10-14,NA,NA,NA,NA,NA,NA
"53","65","The ARA Libertad Arbitration (Argentina v. Ghana)","The Argentine Republic ","The Republic of Ghana ","Concluded",NA,NA,"Inter-state arbitration","- Other -","Law of the sea",NA,2017-10-14,NA,NA,NA,NA,"ARG","GHA"
"54","2","U.S. Steel Global Holdings I B.V. (The Netherlands) v. The Slovak Republic","U.S. Steel Global Holdings I B.V.  ","The Slovak Republic ","Concluded",NA,NA,"Investment arbitration","UNCITRAL Arbitration Rules 1976","- Other -","Multilateral treaty Treaty: OTHER Agreement on Encouragement and Reciprocal Protection of Investments between the Kingdom of the Netherlands and the Czech and Slovak Federal Republic",2017-10-14,NA,NA,NA,NA,NA,"SLO"
"55","98","St Marys VCNA, LLC v. Government of Canada","St Marys VCNA, LLC ","Government of Canada ","Concluded",NA,NA,"Investment arbitration","UNCITRAL Arbitration Rules 1976","Mining and quarrying","Multilateral treaty Treaty: NAFTA",2017-10-14,NA,NA,NA,NA,NA,"CAN"
"56","55","Detroit International Bridge Company v. Government of Canada","Detroit International Bridge Company ","Government of Canada ","Concluded",NA,NA,"Investment arbitration","UNCITRAL Arbitration Rules 2010",NA,"Multilateral treaty Treaty: NAFTA",2017-10-14,NA,NA,NA,NA,NA,"CAN"
"57","97","Ilya Levitis (United States) v. The Kyrgyz Republic","Ilya Levitis  ","The Kyrgyz Republic ","Concluded",NA,NA,"Investment arbitration","UNCITRAL Arbitration Rules 1976",NA,"Bilateral treaty Encouragement and Reciprocal Protection of Investment, signed on January 19, 1993 Country A: United States Country B: Kyrgyzstan Other Law of the Kyrgyz Republic on Investments in the Kyrgyz Republic",2017-10-14,NA,NA,NA,NA,NA,"KYR"
"58","51","Mesa Power Group LLC (USA) v. Government of Canada","Mesa Power Group LLC  ","Government of Canada ","Concluded",NA,NA,"Investment arbitration","UNCITRAL Arbitration Rules 1976",NA,"Multilateral treaty Treaty: NAFTA",2017-10-14,NA,NA,NA,NA,NA,"CAN"
"59","39","Murphy Exploration & Production Company - International v. The Republic of Ecuador","Murphy Exploration & Production Company - International ","The Republic of Ecuador ","Concluded",NA,NA,"Investment arbitration","UNCITRAL Arbitration Rules 1976",NA,"Bilateral treaty Treaty between the United States of America and the Republic of Ecuador Concerning the Encouragement and Reciprocal Protection of Investment signed 27 August 1993 Country A: United States Country B: Ecuador",2017-10-14,NA,NA,NA,NA,NA,"ECU"
"60","5","Philip Morris Asia Limited (Hong Kong) v. The Commonwealth of Australia","Philip Morris Asia Limited  ","The Commonwealth of Australia ","Concluded",NA,NA,"Investment arbitration","UNCITRAL Arbitration Rules 2010","Manufacturing","Bilateral treaty Agreement between the Government of Hong Kong and the Government of Australia for the Promotion and Protection of Investments. Country A: China Country B: Australia",2017-10-14,NA,NA,NA,NA,NA,"AUL"
"61","112","Peter A. Allard (Canada) v. The Government of Barbados","Peter A. Allard ","The Government of Barbados","Concluded",NA,NA,"Investment arbitration","UNCITRAL Arbitration Rules 1976","Environmental disputes","Bilateral treaty Agreement between the Government of Canada and the Government of Barbados for the Reciprocal Promotion and Protection of Investments Country A: Barbados Country B: Canada",2017-10-14,NA,NA,NA,"State",NA,"BAR"
"62","83","The Republic of Ecuador v. The United States of America","The Republic of Ecuador ","The United States of America ","Concluded",NA,NA,"Inter-state arbitration","UNCITRAL Arbitration Rules 1976","International investment law","Bilateral treaty Treaty between the United States of America and the Republic of Ecuador Concerning the Encouragement and Reciprocal Protection of Investment Country A: United States Country B: Ecuador",2017-10-14,NA,NA,NA,NA,"ECU","USA"
"63","3","Arbitration Between the Republic of Croatia and the Republic of Slovenia","Republic of Croatia","Republic of Slovenia","Concluded",NA,NA,"Inter-state arbitration","Permanent Court of Arbitration Optional Rules for Arbitrating Disputes between Two States","Border delimitation","Bilateral treaty Arbitration Agreement Country A: Croatia Country B: Slovenia",2017-10-14,NA,NA,"State","State","CRO","SLV"
"64","140","Copper Mesa Mining Corporation (Canada) v. The Republic of Ecuador","Copper Mesa Mining Corporation ","The Republic of Ecuador ","Concluded",NA,NA,"Investment arbitration","UNCITRAL Arbitration Rules 1976","Mining and quarrying","Bilateral treaty Agreement between the Government of Canada and the Government of the Republic of Ecuador for the Promotion and Reciprocal Protection of Investments, signed 29 April 1996. Country A: Canada Country B: Ecuador",2017-10-14,NA,NA,NA,NA,NA,"ECU"
"65","56","Railway Land Arbitration (Malaysia/Singapore)","Malaysia","Republic of Singapore","Concluded",NA,NA,"Inter-state arbitration","- Other -",NA,NA,2017-10-14,NA,NA,"State","State","MAL","SIN"
"66","72","1. Guaracachi America, Inc. (U.S.A.) & 2. Rurelec plc (United Kingdom) v. Plurinational State of Bolivia","Guaracachi America, Inc.  	                    	                        Rurelec plc  ","Plurinational State of Bolivia ","Concluded",NA,NA,"Investment arbitration","UNCITRAL Arbitration Rules 2010","Electricity/Power","Bilateral treaty Treaty between the Government of the United States of America and the Government of the Republic of Bolivia Concerning the Encouragement and Reciprocal Protection of Investment Country A: United States Country B: Bolivia Bilateral treaty Agreement between the Government of the United Kingdom of Great Britain and Northern Ireland and the Government of the Republic of Bolivia for the Promotion and Protection of Investments Country A: United Kingdom Country B: Bolivia",2017-10-14,NA,NA,NA,"State",NA,"BOL"
"67","47","OAO Gazprom v. The Republic of Lithuania","OAO Gazprom ","The Republic of Lithuania ","Concluded",NA,NA,"Investment arbitration","UNCITRAL Arbitration Rules 1976",NA,"Bilateral treaty Agreement Between the Government of the Russian Federation and the Government of the Republic of Lithuania on the Promotion and Reciprocal Protection of Investments Country A: Russian Federation Country B: Lithuania",2017-10-14,NA,NA,NA,NA,NA,"LIT"
"68","11","Chagos Marine Protected Area Arbitration (Mauritius v. United Kingdom)","The Republic of Mauritius ","The United Kingdom of Great Britain and Northern Ireland ","Concluded",NA,NA,"Inter-state arbitration","- Other -","- Other -","Multilateral treaty Treaty: UNCLOS",2017-10-14,NA,NA,NA,NA,"MAS","UKG"
"69","20","Indus Waters Kishenganga Arbitration (Pakistan v. India)","Pakistan ","India ","Concluded",NA,NA,"Inter-state arbitration","- Other -","Water supply; sewerage, waste management and remediation","Bilateral treaty Indus Waters Treaty (1960) Country A: Pakistan Country B: India",2017-10-14,NA,NA,NA,NA,"PAK","IND"
"70","22","Dunkeld International Investment Limited (Turks & Caicos)  v. The Government of Belize","Dunkeld International Investment Limited  ","The Government of Belize ","Concluded",NA,NA,"Investment arbitration","UNCITRAL Arbitration Rules 1976",NA,"Bilateral treaty Agreement between the Government of the United Kingdom of Great Britain and Northern Ireland and the Government of Belize for the Promotion and Protection of Investments Country A: United Kingdom Country B: Belize",2017-10-14,NA,NA,NA,NA,NA,"BLZ"
"71","48","1. China Heilongjiang International Economic & Technical Cooperative Corp., 2. Beijing Shougang Mining Investment Company Ltd., and 3. Qinhuangdaoshi Qinlong International Industrial Co. Ltd. v. Mongolia","China Heilongjiang International Economic & Technical Cooperative Corp. 	                    	                        Beijing Shougang Mining Investment Company Ltd. 	                    	                        Qinhuangdaoshi Qinlong International Industrial Co. Ltd. ","Mongolia ","Concluded",NA,NA,"Investment arbitration","- Other -",NA,"Bilateral treaty Agreement between the Government of the Mongolian People’s Republic and the Government of the People’s Republic of China concerning the Encouragement and Reciprocal Protection of Investments dated 26 August 1991 Country A: Mongolia Country B: China",2017-10-14,NA,NA,NA,NA,NA,"MON"
"72","44","British Caribbean Bank Ltd. (Turks & Caicos) v. The Government of Belize","British Caribbean Bank Ltd.  ","The Government of Belize ","Concluded",NA,NA,"Investment arbitration","UNCITRAL Arbitration Rules 1976",NA,"Bilateral treaty Agreement between the Government of the United Kingdom of Great Britain and Northern Ireland and the Government of Belize for the Promotion and Protection of Investments Country A: United Kingdom Country B: Belize",2017-10-14,NA,NA,NA,NA,NA,"BLZ"
"73","38","European American Investment Bank AG v. The Slovak Republic","European American Investment Bank AG ","The Slovak Republic ","Concluded",NA,NA,"Investment arbitration","UNCITRAL Arbitration Rules 1976","Financial and insurance","Bilateral treaty Agreement between the Republic of Austria and the Czech and Slovak Federal Republic Concerning the Promotion and Protection of Investments Country A: Austria Country B: Slovakia",2017-10-14,NA,NA,NA,NA,NA,"SLO"
"74","18","Bay of Bengal Maritime Boundary Arbitration between Bangladesh and India","People's Republic of Bangladesh ","Republic of India ","Concluded",NA,NA,"Inter-state arbitration","- Other -","Border delimitation","Multilateral treaty Treaty: UNCLOS",2017-10-14,NA,NA,NA,NA,"BNG","IND"
"75","23","Dunkeld International Investment Limited (Turks & Caicos)  v. The Government of Belize","Dunkeld International Investment Limited  ","The Government of Belize ","Concluded",NA,NA,"Investment arbitration","UNCITRAL Arbitration Rules 1976",NA,"Bilateral treaty Agreement between the Government of the United Kingdom of Great Britain and Northern Ireland and the Government of Belize for the Promotion and Protection of Investments Country A: United Kingdom Country B: Belize",2017-10-14,NA,NA,NA,NA,NA,"BLZ"
"76","73","Polis Fondi Immobliare di Banche Popolare S.G.R.p.A v. International Fund for Agricultural Development (IFAD)","Polis Fondi Immobliare di Banche Popolare S.G.R.p.A ","International Fund for Agricultural Development  ","Concluded",NA,NA,"Contract-based or other arbitration","UNCITRAL Arbitration Rules 1976","Real estate",NA,2017-10-14,NA,NA,NA,NA,NA,NA
"77","131","Melvin J. Howard, Centurion Health Corp. & Howard Family Trust v. The Government of Canada","Melvin J. Howard, Centurion Health Corp. & Howard Family Trust ","The Government of Canada ","Concluded",NA,NA,"Investment arbitration","UNCITRAL Arbitration Rules 1976","Human health and social work",NA,2017-10-14,NA,NA,NA,NA,NA,"CAN"
"78","90","InterTrade Holding GmbH v. The Czech Republic","InterTrade Holding GmbH ","The Czech Republic ","Concluded",NA,NA,"Investment arbitration","UNCITRAL Arbitration Rules 1976",NA,NA,2017-10-14,NA,NA,NA,NA,NA,"CZR"
"79","10","HICEE B.V. v. The Slovak Republic","HICEE B.V. ","The Slovak Republic ","Concluded",NA,NA,"Investment arbitration","UNCITRAL Arbitration Rules 1976","Financial and insurance","Bilateral treaty Agreement on Encouragement and Reciprocal Protection of Investments between The Kingdom of the Netherlands and The Czech and Slovak Federal Republic, signed on April 29, 1991, entered into force on October 1, 1992. Country A: Netherlands Country B: Slovakia",2017-10-14,NA,NA,NA,NA,NA,"SLO"
"80","28","Achmea B.V. (formerly known as “Eureko B.V.”) v. The Slovak Republic","Achmea B.V.  ","The Slovak Republic ","Concluded",NA,NA,"Investment arbitration","UNCITRAL Arbitration Rules 1976","Financial and insurance","Bilateral treaty Agreement on Encouragement and Reciprocal Protection of Investments Between the Kingdom of the Netherlands and The Czech and Slovak Federal Republic Country A: Netherlands Country B: Slovakia",2017-10-14,NA,NA,NA,NA,NA,"SLO"
"81","92","The Government of Sudan / The Sudan People's Liberation Movement/Army (Abyei Arbitration)","The Government of Sudan","The Sudan People's Liberation Movement/Army","Concluded",NA,NA,"Other proceedings","Permanent Court of Arbitration Optional Rules for Arbitrating Disputes between Two Parties of Which Only One Is a State","Land border delimitation","Other Arbitration Agreement between the Government of Sudan and The Sudan People's Liberation Movement/Army and Delimiting Abyei Area, 7 July 2008",2017-10-14,NA,NA,NA,NA,"SUD",NA
"82","96","1. TCW Group, Inc. 2. Dominican Energy Holdings, L.P. v. The Dominican Republic","TCW Group, Inc. 	                    	                        Dominican Energy Holdings, L.P. ","Dominican Republic ","Concluded",NA,NA,"Investment arbitration","UNCITRAL Arbitration Rules 1976","Electricity/Power","Other Dominican Republic-Central America-United States Free Trade Agreement signed on August 5, 2004",2017-10-14,NA,NA,NA,NA,NA,"DOM"
"83","84","Vito G. Gallo v. Government of Canada","Vito G. Gallo ","The Government of Canada ","Concluded",NA,NA,"Investment arbitration","UNCITRAL Arbitration Rules 1976","Water supply; sewerage, waste management and remediation","Multilateral treaty Treaty: NAFTA",2017-10-14,NA,NA,NA,NA,NA,"CAN"
"84","66","Chemtura Corporation (formerly Crompton Corporation) v. Government of Canada","Chemtura Corporation  ","The Government of Canada ","Concluded",NA,NA,"Investment arbitration","UNCITRAL Arbitration Rules 1976","Agriculture, forestry and fishing","Multilateral treaty Treaty: NAFTA",2017-10-14,NA,NA,NA,NA,NA,"CAN"
"85","30","Romak S.A. (Switzerland) v. The Republic of Uzbekistan","Romak S.A. ","The Republic of Uzbekistan ","Concluded",NA,NA,"Investment arbitration","UNCITRAL Arbitration Rules 1976","Agriculture, forestry and fishing","Bilateral treaty Agreement between the Swiss Confederation and the Republic of Uzbekistan on the Promotion and the Reciprocal Protection of Investments Country A: Switzerland Country B: Uzbekistan",2017-10-14,NA,NA,NA,NA,NA,"UZB"
"86","85","1. Chevron Corporation and 2. Texaco Petroleum Company v. The Republic of Ecuador","Chevron Corporation 	                    	                        Texaco Petroleum Company ","The Republic of Ecuador ","Concluded",NA,NA,"Investment arbitration","UNCITRAL Arbitration Rules 1976","Oil and gas","Bilateral treaty Treaty between the United States of America and the Republic of Ecuador concerning the Encouragement and Reciprocal Protection of Investment Country A: United States Country B: Ecuador",2017-10-14,NA,NA,NA,NA,NA,"ECU"
"87","95","1. Centerra Gold Inc. (Canada) and 2. Kumtor Gold Company (Kyrgyz Republic) v. The Kyrgyz Republic","Centerra Gold Inc. & Kumtor Gold Co. ","Kyrgyz Republic ","Concluded",NA,NA,"Investment arbitration","UNCITRAL Arbitration Rules 1976",NA,"Contract Investment Agreement of December 31, 2003 Other Law No. 66 ‘On Investments in the Kyrgyz Republic’ of March 27, 2003",2017-10-14,NA,NA,NA,NA,NA,"KYR"
"88","62","Veteran Petroleum Limited (Cyprus) v. The Russian Federation","Veteran Petroleum Limited  ","The Russian Federation ","Concluded",NA,NA,"Investment arbitration","UNCITRAL Arbitration Rules 1976","International investment law","Multilateral treaty Treaty: Energy Charter Treaty (ECT)",2017-10-14,NA,NA,NA,NA,NA,"RUS"
"89","61","Yukos Universal Limited (Isle of Man) v. The Russian Federation","Yukos Universal Limited  ","The Russian Federation ","Concluded",NA,NA,"Investment arbitration","UNCITRAL Arbitration Rules 1976","International investment law","Multilateral treaty Treaty: Energy Charter Treaty (ECT)",2017-10-14,NA,NA,NA,NA,NA,"RUS"
"90","60","Hulley Enterprises Limited (Cyprus) v. The Russian Federation","Hulley Enterprises Limited  ","The Russian Federation ","Concluded",NA,NA,"Investment arbitration","UNCITRAL Arbitration Rules 1976","International investment law","Multilateral treaty Treaty: Energy Charter Treaty (ECT)",2017-10-14,NA,NA,NA,NA,NA,"RUS"
"91","108","Land Reclamation by Singapore in and around the Straits of Johor (Malaysia v. Singapore)","Malaysia ","Singapore ","Concluded",NA,NA,"Inter-state arbitration","- Other -","Law of the sea","Multilateral treaty Treaty: UNCLOS",2017-10-14,NA,NA,NA,NA,"MAL","SIN"
"92","9","Guyana v. Suriname","Guyana ","Suriname ","Concluded",NA,NA,"Inter-state arbitration","Ad Hoc Rules of Procedure","Maritime boundary delimitation","Multilateral treaty Treaty: UNCLOS",2017-10-14,NA,NA,NA,NA,"GUY","SUR"
"93","104","Barbados v. Trinidad and Tobago","Barbados ","The Republic of Trinidad and Tobago ","Concluded",NA,NA,"Inter-state arbitration","- Other -","Maritime boundary delimitation","Multilateral treaty Treaty: UNCLOS",2017-10-14,NA,NA,NA,NA,"BAR","TRI"
"94","70","The Eurotunnel Arbitration","1. The Channel Tunnel Group Limited 	                    	                         2. France-Manche S.A. ","1. The Secretary of State for Transport of the Government of the United Kingdom of Great Britain and Northern Ireland  	                    	                        2. le ministre de l’équipement, des transports, de l’aménagement du territoire, du tourisme et de la mer du Gouvernement de la République française ","Concluded",NA,NA,"Investment arbitration","- Other -","Manufacturing","Bilateral treaty Treaty between the French Republic and the United Kingdom of Great Britain and Northern Ireland Concerning the Construction and Operation by Private Concessionaires of a Channel Fixed Link Country A: France Country B: United Kingdom",2017-10-14,NA,NA,NA,"State",NA,"UKG"
"95","106","Telekom Malaysia Berhad/Government of Ghana","Telekom Malaysia Berhad  ","Government of Ghana ","Concluded",NA,NA,"Investment arbitration","UNCITRAL Arbitration Rules 1976",NA,NA,2017-10-14,NA,NA,NA,NA,NA,"GHA"
"96","1","Iron Rhine Arbitration (Belgium/Netherlands)","The Kingdom of Belgium ","The Kingdom of the Netherlands ","Concluded",NA,NA,"Inter-state arbitration","Permanent Court of Arbitration Optional Rules for Arbitrating Disputes between Two States","Transportation and storage","Other Compromis concluded by exchange of diplomatic notes dated July 22 and 23, 2003.",2017-10-14,NA,NA,"State","State","BEL","NTH"
"97","100","MOX Plant Case (Ireland v. United Kingdom)","Ireland ","The United Kingdom of Great Britain and Northern Ireland ","Concluded",NA,NA,"Other proceedings","- Other -","Law of the sea","Multilateral treaty Treaty: UNCLOS",2017-10-14,NA,NA,NA,NA,"IRE","UKG"
"98","101","Saluka Investments B.V. v. Czech Republic","Saluka Investments B.V ","Czech Republic ","Concluded",NA,NA,"Other proceedings","UNCITRAL Arbitration Rules 1976",NA,"Bilateral treaty Agreement on Encouragement and Reciprocal Protection of Investments Between the Kingdom of The Netherlands and the Czech and Slovak Federal Republic, signed on 29 April 1991 Country A: Netherlands Country B: Czech Republic",2017-10-14,NA,NA,NA,NA,NA,"CZR"
"99","34","Ireland v. United Kingdom (OSPAR Arbitration)","Ireland ","The United Kingdom of Great Britain and Northern Ireland ","Concluded",NA,NA,"Inter-state arbitration","Ad Hoc Rules of Procedure","Treaty interpretation",NA,2017-10-14,NA,NA,NA,NA,"IRE","UKG"
"100","71","Eritrea-Ethiopia Claims Commission","State of Eritrea ","Federal Democratic Republic of Ethiopia ","Concluded",NA,NA,"Other proceedings","- Other -","Claims commission","Bilateral treaty Agreement signed in Algiers on 12 December 2000 between the Governments of the State of Eritrea and the Federal Democratic Republic of Ethiopia Country A: Eritrea Country B: Ethiopia",2017-10-14,NA,NA,"State","State","ERI","ETH"
"101","99","Eritrea-Ethiopia Boundary Commission","State of Eritrea ","Federal Democratic Republic of Ethiopia ","Concluded",NA,NA,"Inter-state arbitration","Ad Hoc Rules of Procedure","Border delimitation",NA,2017-10-14,NA,NA,"State","State","ERI","ETH"
"102","91","Bank for International Settlements","Dr. Horst Reineccius  	                    	                        First Eagle SoGen Funds, Inc.  	                    	                        Mr. Pierre Mathieu and La Société de Concours Hippique de La Châtre     ","Bank for International Settlements ","Concluded",NA,NA,"Other proceedings","Ad Hoc Rules of Procedure","- Other -","Other Agreement Regarding the Complete and Final Settlement of Question of Reparations from Germany, January 20, 1930",2017-10-14,NA,NA,NA,"Other",NA,NA
"103","31","The Rhine Chlorides Arbitration concerning the Auditing of Accounts (The Netherlands/France)","The Netherlands ","France ","Concluded",NA,NA,"Inter-state arbitration","Ad Hoc Rules of Procedure","Treaty interpretation","Multilateral treaty Treaty: OTHER 1976 Convention on the Protection of the Rhine against Pollution by Chlorides",2017-10-14,NA,NA,"State","State","NTH","FRN"
"104","35","Larsen v. Hawaiian Kingdom","Lance Paul Larsen ","The Hawaiian Kingdom ","Concluded",NA,NA,"Other proceedings","UNCITRAL Arbitration Rules 1976","Treaty interpretation","Other The 1849 Treaty of Friendship, Commerce and Navigation with the United States of America",2017-10-14,NA,NA,NA,NA,NA,NA
"105","81","Eritrea/Yemen - Sovereignty and Maritime Delimitation in the Red Sea","Eritrea ","Yemen ","Concluded",NA,NA,"Inter-state arbitration","- Other -","Maritime boundary delimitation","Other Agreement to Arbitrate Dated 3 October 1996",2017-10-14,NA,NA,NA,NA,"ERI","YEM"
"106","16","Radio Corporation of America v. China","Radio Corporation of America ","The National Government of the Republic of China ","Concluded",NA,NA,"Contract-based or other arbitration","1907 Convention for the Pacific Settlement of International Disputes","Information and communication","Contract Traffic Agreement concluded between the Radio Corporation of America, a corporation organized under the laws of the State of Delaware, U.S.A., and the National Council of Reconstruction, representing the National Government of the Republic of China, on November 10th, 1928",2017-10-14,NA,NA,NA,NA,NA,"TAW"
"107","94","Island of Palmas (or Miangas) (The Netherlands / The United States of America)","The United States of America ","The Netherlands ","Concluded",NA,NA,"Inter-state arbitration","1907 Convention for the Pacific Settlement of International Disputes","- Other -","Other A special agreement concluded on 23 January 1925 between the United States of America and the Netherlands relating to the arbitration of differences respecting sovereignty over the Island of Palmas (or Miangas).",2017-10-14,NA,NA,NA,NA,"USA","NTH"
"108","88","Norwegian Shipowners' Claims (Norway v. United States of America)","Norway ","United States of America ","Concluded",NA,NA,"Inter-state arbitration","Ad Hoc Rules of Procedure","Post-conflict situations","Other Arbitration Convention, April 4, 1908. Special Agreement, June 30, 1921.",2017-10-14,NA,NA,"State","State","NOR","USA"
"109","87","Boundaries in the Island of Timor (The Netherlands v. Portugal)","The Netherlands ","Portugal ","Concluded",NA,NA,"Inter-state arbitration","- Other -","Border delimitation","Other Compromis signed at The Hague, April 3, 1913",2017-10-14,NA,NA,"State","State","NTH","POR"
"110","102","The Carthage (France / Italy)","France ","Italy ","Concluded",NA,NA,"Inter-state arbitration","1907 Convention for the Pacific Settlement of International Disputes","- Other -",NA,2017-10-14,NA,NA,"State","State","FRN","ITA"
"111","68","French Postal Vessel ""Manouba""","France ","Italy ","Concluded",NA,NA,"Inter-state arbitration","- Other -","Law of the sea","Other Agreement dated January 26, 1912, and compromis dated March 6, 1912",2017-10-14,NA,NA,"State","State","FRN","ITA"
"112","79","Arrest and Return of Savarkar (France / Great Britain)","France ","Great Britain ","Concluded",NA,NA,"Inter-state arbitration","- Other -","- Other -","Other Agreement dated 25 October 1910",2017-10-14,NA,NA,"State","State","FRN","UKG"
"113","89","Russian Claim for Interest on Indemnities (Russia / Turkey)","Russia ","Turkey ","Concluded",NA,NA,"Inter-state arbitration","1907 Convention for the Pacific Settlement of International Disputes","Post-conflict situations","Other Arbitration Compromis signed at Constantinople between Russia and Turkey, July 22/August 4, 1910",2017-10-14,NA,NA,"State","State","RUS","TUR"
"114","80","Canevaro claim (Italy / Peru)","Italy ","Peru ","Concluded",NA,NA,"Inter-state arbitration","- Other -","Financial and insurance",NA,2017-10-14,NA,NA,"State","State","ITA","PER"
"115","78","The Orinoco Steamship Company case (United States of America / Venezuela)","United States of America ","Venezuela ","Concluded",NA,NA,"Inter-state arbitration","- Other -","- Other -","Bilateral treaty Agreement signed at Caracas on the 13th of February 1909 Country A: United States Country B: Venezuela",2017-10-14,NA,NA,"State","State","USA","VEN"
"116","74","The North Atlantic Coast Fisheries Case (Great Britain / United States of America)","Great Britain ","United States of America ","Concluded",NA,NA,"Inter-state arbitration","1907 Convention for the Pacific Settlement of International Disputes","Agriculture, forestry and fishing","Bilateral treaty Special Agreement between the United States of America and Great Britain signed at Washington on the 27th of January 27, 1909 Country A: United States Country B: United Kingdom",2017-10-14,NA,NA,"State","State","UKG","USA"
"117","67","Deserters of Casablanca (France/Germany)","France ","Germany ","Concluded",NA,NA,"Inter-state arbitration","1907 Convention for the Pacific Settlement of International Disputes","- Other -","Other Protocol of November 10, 1908, and Agreement to Arbitrate of November 24, 1908 between the Government of the French Republic and the Imperial German Government",2017-10-14,NA,NA,"State","State","FRN","GMY"
"118","77","The Grisbådarna Case","Norway ","Sweden ","Concluded",NA,NA,"Inter-state arbitration","- Other -","Maritime boundary delimitation","Bilateral treaty Convention of March 14, 1908 Country A: Norway Country B: Sweden",2017-10-14,NA,NA,"State","State","NOR","SWD"
"119","93","Muscat Dhows (France / Great Britain)","France ","Great Britain ","Concluded",NA,NA,"Inter-state arbitration","1899 Convention for the Pacific Settlement of International Disputes","- Other -","Other Compromis concluded in London on October 13, 1904 between the Great Britain and France",2017-10-14,NA,NA,"State","State","FRN","UKG"
"120","76","Preferential Treatment of Claims of Blockading Powers against Venezuela (Germany, Great Britain and Italy v. Venezuela)","Germany, Great Britain, Italy ","Venezuela ","Concluded",NA,NA,"Inter-state arbitration","1899 Convention for the Pacific Settlement of International Disputes","- Other -","Multilateral treaty Treaty: OTHER Protocols signed at Washington on May 7, 1903",2017-10-14,NA,NA,NA,NA,NA,"VEN"
"121","69","Japanese House Tax (Germany, France, and Great Britain / Japan)","Germany , France , Great Britain ","Japan ","Concluded",NA,NA,"Inter-state arbitration","1899 Convention for the Pacific Settlement of International Disputes","Treaty interpretation","Other Protocols signed at Tokyo on August 28, 1902 by Japan on the one part and Germany, France and Great Britain on the other part.",2017-10-14,NA,NA,"State","State",NA,"JPN"
"122","75","The Pious Fund of the Californias (The United States of America v. The United Mexican States)","The United Mexican States ","The United States of America ","Concluded",NA,NA,"Inter-state arbitration","- Other -","Financial and insurance","Bilateral treaty Protocol of an Agreement between the United States and the Republic of Mexico for the Adjustment of certain contentions arising under what is known as The Pious Fund of the Californias, signed at Washington on May 22, 1902 Country A: United States Country B: Mexico",2017-10-14,NA,NA,"State","State","MEX","USA"
